{
  "instance": "X-n101-k25",
  "nodes_csv": "c:\\Users\\haora\\Desktop\\Comparing-ALNS-and-HGS-for-the-Vehicle-Routing-Problem-with-Stochastic-Demand\\CVRPLib\\csv\\nodes_X-n101-k25.csv",
  "demand_csv": "c:\\Users\\haora\\Desktop\\Comparing-ALNS-and-HGS-for-the-Vehicle-Routing-Problem-with-Stochastic-Demand\\CVRPLib\\csv\\demand_X-n101-k25.csv",
  "Q": 220.0,
  "K": 90,
  "time_limit_sec": 15.0,
  "hgs_seed": 0,
  "small_S": 80,
  "big_S": 300,
  "seed_small": 12345,
  "seed_big": 54321,
  "deterministic_distance": 26240.714976750252,
  "pyvrp_objective": 26237.0,
  "solve_time_sec": 15.016316890716553,
  "num_routes": 24,
  "small_saa": {
    "mean": 33284.52647033105,
    "var": 4412878.919386712,
    "std": 2100.6853451639804
  },
  "big_saa": {
    "mean": 33417.05094351618,
    "var": 4032937.092239283,
    "std": 2008.217391678322
  },
  "routes": [
    [
      57,
      72,
      82,
      28,
      42,
      65
    ],
    [
      61,
      27,
      100
    ],
    [
      4,
      90,
      84,
      66
    ],
    [
      68,
      9,
      16,
      76
    ],
    [
      79,
      19,
      23
    ],
    [
      63,
      14,
      60,
      88,
      44
    ],
    [
      81,
      51,
      83,
      21
    ],
    [
      96,
      87,
      37,
      6,
      49,
      7
    ],
    [
      75,
      30,
      85,
      11,
      50
    ],
    [
      12,
      5,
      35
    ],
    [
      64,
      3,
      48,
      26,
      38
    ],
    [
      36,
      29,
      43,
      45,
      2,
      78
    ],
    [
      40,
      25,
      10,
      39
    ],
    [
      1,
      70,
      86
    ],
    [
      80,
      17,
      34,
      58
    ],
    [
      77,
      67,
      59
    ],
    [
      94,
      56,
      8
    ],
    [
      20,
      41,
      22,
      15
    ],
    [
      13,
      74,
      69,
      55
    ],
    [
      71,
      62,
      99,
      98,
      89,
      47
    ],
    [
      18,
      92,
      54
    ],
    [
      52,
      91,
      97
    ],
    [
      73,
      53,
      33,
      93
    ],
    [
      46,
      24,
      31,
      95,
      32
    ]
  ]
}